﻿designator,quantity,value,pack,mpn,mount_type
C1,1,4.7u,C_0603_1608Metric,,smt
C2,1,0.1u,C_0603_1608Metric,,smt
C3,1,10u,C_0805_2012Metric,,smt
C4,1,1u,C_0603_1608Metric,,smt
"D1, D2, D3",3,2.1V,LED_0603_1608Metric,,smt
IC1,1,PL2303GS,SOIC127P600X170-8N,,smt
IC2,1,3678,3678,,tht
J1,1,USB_A,USB_A_CNCTech_1001-011-01101_Horizontal,,smt
J2,1,Conn_01x19_Pin,PinHeader_1x19_P2.54mm_Vertical,,tht
J3,1,Conn_01x05_Pin,PinHeader_1x05_P2.54mm_Vertical,,tht
JP1,1,TXD Route,SolderJumper-3_P1.3mm_Bridged12_Pad1.0x1.5mm,,tht
JP2,1,RXD Route,SolderJumper-3_P1.3mm_Bridged12_Pad1.0x1.5mm,,tht
"R2, R3, R4",3,1K,R_0603_1608Metric,,smt
"R5, R6",2,22,R_0603_1608Metric,,smt
U1,1,ESP32-DevKitC,ESP32-DevKitC,,tht
