﻿pos_x,pos_y,rotation,side,designator,mpn,pack,value,mount_type,place
46.228,11.938,0.0,top,C1,,C_0603_1608Metric,4.7u,smt,True
47.498,14.224,0.0,top,C2,,C_0603_1608Metric,0.1u,smt,True
46.99,17.018,90.0,top,C3,,C_0805_2012Metric,10u,smt,True
43.688,22.352,0.0,top,C4,,C_0603_1608Metric,1u,smt,True
49.53,10.16,180.0,top,D1,,LED_0603_1608Metric,2.1V,smt,True
36.068,22.098,-90.0,top,D2,,LED_0603_1608Metric,2.1V,smt,True
37.846,22.098,-90.0,top,D3,,LED_0603_1608Metric,2.1V,smt,True
43.18,17.018,-90.0,top,IC1,,SOIC127P600X170-8N,PL2303GS,smt,True
3.81,30.48,-90.0,top,IC2,,3678,3678,tht,False
41.91,-3.81,-90.0,top,J1,,USB_A_CNCTech_1001-011-01101_Horizontal,USB_A,smt,True
53.34,15.24,0.0,bottom,J2,,PinHeader_1x19_P2.54mm_Vertical,Conn_01x19_Pin,tht,False
36.83,27.94,90.0,top,J3,,PinHeader_1x05_P2.54mm_Vertical,Conn_01x05_Pin,tht,False
44.45,41.91,-90.0,top,JP1,,SolderJumper-3_P1.3mm_Bridged12_Pad1.0x1.5mm,TXD Route,tht,False
48.514,39.37,-90.0,top,JP2,,SolderJumper-3_P1.3mm_Bridged12_Pad1.0x1.5mm,RXD Route,tht,False
46.228,10.16,180.0,top,R2,,R_0603_1608Metric,1K,smt,True
37.846,18.796,-90.0,top,R3,,R_0603_1608Metric,1K,smt,True
36.068,18.796,-90.0,top,R4,,R_0603_1608Metric,1K,smt,True
42.926,11.43,-90.0,top,R5,,R_0603_1608Metric,22,smt,True
40.894,11.43,-90.0,top,R6,,R_0603_1608Metric,22,smt,True
30.48,15.24,0.0,bottom,U1,,ESP32-DevKitC,ESP32-DevKitC,tht,False
