﻿pos_x,pos_y,rotation,side,designator,mpn,pack,footprint,value,mount_type
-11.4554,-54.6608,180.0,bottom,C13,CL10A106KP8NNNC,,C_0603_1608Metric,10uF 10V,smt
-11.4554,-52.8828,180.0,bottom,C14,CL10B104KB8NNNC,,C_0603_1608Metric,0.1uF 50V,smt
-10.5664,-45.6438,-90.0,bottom,C15,CL10A106KP8NNNC,,C_0603_1608Metric,10uF 10V,smt
-6.8834,-43.9928,0.0,bottom,C16,CC0805MKX5R6BB226,,C_0805_2012Metric,22uF 10V,smt
-21.3614,-28.3718,0.0,bottom,C6,CC0805MKX5R6BB226,,C_0805_2012Metric,22uF 10V,smt
-17.1704,-28.3718,180.0,bottom,C7,CC0805MKX5R6BB226,,C_0805_2012Metric,22uF 10V,smt
-20.8534,-52.3748,-90.0,bottom,D11,LTST-C190GKT,,LED_0603_1608Metric,2.1V G 10mA,smt
-7.1374,-46.4058,0.0,bottom,D14,1N5819HW-7-F,,D_SOD-123,1N5819HW-7-F,smt
-22.8854,-25.4508,90.0,bottom,D5,LTST-C190AKT,,LED_0603_1608Metric,2.1V O 10mA,smt
-8.0264,-14.0208,-90.0,bottom,D6,LTST-C190EKT,,LED_0603_1608Metric,2V R 10mA,smt
-7.0104,-51.2318,0.0,bottom,D8,SP0503BAHTG,,SOT-143,SP0503BAHTG,smt
-20.8534,-49.0728,90.0,bottom,D9,LTST-C190GKT,,LED_0603_1608Metric,2.1V G 10mA,smt
-14.277,-0.673,90.0,bottom,J1,,,PinSocket_2x07_P2.54mm_Vertical,Conn_02x07_Counter_Clockwise,tht
1.1176,-51.2318,-90.0,bottom,J6,USB4105-GF-A,,GCT_USB4105-GF-A,USB4105-GF-A,smt
-14.2494,-56.0578,90.0,bottom,R23,RMCF0603FT22K1,,R_0603_1608Metric,22.1K 1%,smt
-16.0274,-56.0578,-90.0,bottom,R24,ERJ-3EKF4752V,,R_0603_1608Metric,47.5K 1%,smt
-17.8054,-56.0578,90.0,bottom,R25,RMCF0603FT2K00,,R_0603_1608Metric,2K 1%,smt
-14.6304,-46.5328,0.0,bottom,R26,RMCF0603ZT0R00,,R_0603_1608Metric,0R,smt
-17.9324,-46.5328,180.0,bottom,R27,RMCF0603ZT0R00,,R_0603_1608Metric,0R,smt
-7.2644,-48.5648,0.0,bottom,R28,RC0603FR-075K1L,,R_0603_1608Metric,5.1K 1%,smt
-3.9624,-57.3278,180.0,bottom,R29,RMCF0603ZT0R00,,R_0603_1608Metric,0R,smt
-6.8834,-53.898799,180.0,bottom,R30,RC0603FR-075K1L,,R_0603_1608Metric,5.1K 1%,smt
-22.6314,-49.0728,90.0,bottom,R34,RC0603FR-071KL,,R_0603_1608Metric,1K 1%,smt
-22.6314,-52.3748,-90.0,bottom,R35,RC0603FR-071KL,,R_0603_1608Metric,1K 1%,smt
-22.8854,-22.0218,-90.0,bottom,R5,RC0603FR-071KL,,R_0603_1608Metric,1K 1%,smt
-6.1214,-14.0208,-90.0,bottom,R6,RC0603FR-071KL,,R_0603_1608Metric,1K 1%,smt
-18.0594,-22.5298,90.0,bottom,U2,AZ1117CH-3.3TRG1,,SOT-223-3_TabPin2,AZ1117CH-3.3TRG1,smt
-16.5354,-50.9778,180.0,bottom,U4,CP2102N-A02-GQFN28R,,QFN-28-1EP_5x5mm_P0.5mm_EP3.35x3.35mm,CP2102N,smt
