﻿Designator,Quantity,Value,Footprint,Package,MPN,Mount_Type
"C13, C15",2,10uF 10V,C_0603_1608Metric,,CL10A106KP8NNNC,smt
C14,1,0.1uF 50V,C_0603_1608Metric,,CL10B104KB8NNNC,smt
"C16, C6, C7",3,22uF 10V,C_0805_2012Metric,,CC0805MKX5R6BB226,smt
"D11, D9",2,2.1V G 10mA,LED_0603_1608Metric,,LTST-C190GKT,smt
D14,1,1N5819HW-7-F,D_SOD-123,,1N5819HW-7-F,smt
D5,1,2.1V O 10mA,LED_0603_1608Metric,,LTST-C190AKT,smt
D6,1,2V R 10mA,LED_0603_1608Metric,,LTST-C190EKT,smt
D8,1,SP0503BAHTG,SOT-143,,SP0503BAHTG,smt
J6,1,USB4105-GF-A,GCT_USB4105-GF-A,,USB4105-GF-A,smt
R23,1,22.1K 1%,R_0603_1608Metric,,RMCF0603FT22K1,smt
R24,1,47.5K 1%,R_0603_1608Metric,,ERJ-3EKF4752V,smt
R25,1,2K 1%,R_0603_1608Metric,,RMCF0603FT2K00,smt
"R26, R27, R29",3,0R,R_0603_1608Metric,,RMCF0603ZT0R00,smt
"R28, R30",2,5.1K 1%,R_0603_1608Metric,,RC0603FR-075K1L,smt
"R34, R35, R5, R6",4,1K 1%,R_0603_1608Metric,,RC0603FR-071KL,smt
U2,1,AZ1117CH-3.3TRG1,SOT-223-3_TabPin2,,AZ1117CH-3.3TRG1,smt
U4,1,CP2102N,QFN-28-1EP_5x5mm_P0.5mm_EP3.35x3.35mm,,CP2102N-A02-GQFN28R,smt
