﻿Designator,Quantity,Value,Footprint,Package,MPN,DNP,Mount_Type,Description,Manufacturer_Name,Type,Height,Mouser Part Number,Mouser Price/Stock,Arrow Part Number,Arrow Price/Stock,MANUFACTURER,MAXIMUM_PACKAGE_HEIGHT,PARTREV,STANDARD
"C1, C11, C14, C3, C4, C5, C8, C9",8,0.1uF 50V,C_0603_1608Metric,,CL10B104KB8NNNC,,smt,CAP CER 0.1UF 50V X7R 0603,Samsung Electro-Mechanics,SMD,,,,,,,,,
"C10, C12, C13, C15",4,10uF 10V,C_0603_1608Metric,,CL10A106KP8NNNC,,smt,CAP CER 10UF 10V X5R 0603,Samsung Electro-Mechanics,SMD,,,,,,,,,
"C16, C2, C6, C7",4,22uF 10V,C_0805_2012Metric,,CC0805MKX5R6BB226,,smt,CAP CER 22UF 10V X5R 0805,YAGEO,SMD,,,,,,,,,
"D1, D11, D2, D9",4,2.1V G 10mA,LED_0603_1608Metric,,LTST-C190GKT,,smt,LED GREEN CLEAR CHIP SMD,Lite-On Inc.,SMD,,,,,,,,,
"D10, D14",2,1N5819HW-7-F,SOD3716X145N,,1N5819HW-7-F,,smt,DIODE SCHOTTKY 40V 1A SOD123,Diodes Incorporated,SMD,1.45,621-1N5819HW-F,https://www.mouser.co.uk/ProductDetail/Diodes-Incorporated/1N5819HW-7-F?qs=NQ47qNm99eDyWTEd07miYA%3D%3D,1N5819HW-7-F,https://www.arrow.com/en/products/1n5819hw-7-f/diodes-incorporated?utm_currency=USD&region=nac,,,,
D5,1,2.1V O 10mA,LED_0603_1608Metric,,LTST-C190AKT,,smt,LED ORANGE CLEAR CHIP SMD,Lite-On Inc.,SMD,,,,,,,,,
D6,1,2V R 10mA,LED_0603_1608Metric,,LTST-C190EKT,,smt,LED RED CLEAR CHIP SMD,Lite-On Inc.,SMD,,,,,,,,,
"D7, D8",2,SP0503BAHTG,SOT-143,,SP0503BAHTG,,smt,TVS DIODE 5.5VWM 8.5VC SOT1434,Littelfuse Inc,SMD,,,,,,,,,
J2,1,SJ-3524-SMT-TR-PI,Jack_3.5mm_CUI_SJ-3524-SMT_Horizontal,,SJ-3524-SMT-TR-PI,,smt,"3.5 mm, Stereo, Right Angle, Surface Mount (SMT), 3 Conductors, 1 Internal Switch, Audio Jack Connector",Same Sky,SMD,5.37,490-SJ3524SMTTRPI,https://www.mouser.co.uk/ProductDetail/Same-Sky/SJ-3524-SMT-TR-PI?qs=WyjlAZoYn524S5gwonsmVQ%3D%3D,SJ-3524-SMT-TR-PI,https://www.arrow.com/en/products/sj-3524-smt-tr-pi/cui-devices?utm_currency=USD&region=nac,,,,
"J5, J6",2,USB4105-GF-A,GCT_USB4105-GF-A,,USB4105-GF-A,,smt,CONN RCP USB2.0 TYP C 24P SMD RA,GCT,SMD,,,,,,GCT,3.31 mm,B4,Manufacturer Recommendations
Q3,1,BC818,SOT-23,,BC818-40LT1G,,smt,TRANS NPN 25V 0.5A SOT23-3,onsemi,SMD,,,,,,,,,
"Q4, Q6",2,MBT3904DW1,SOT-363_SC-70-6,,MBT3904DW1T1G,,smt,TRANS 2NPN 40V 200MA SC88/SC70,onsemi,SMD,,,,,,,,,
"R1, R2, R34, R35, R5, R6",6,1K 1%,R_0603_1608Metric,,RC0603FR-071KL,,smt,RES 1K OHM 1% 1/10W 0603,YAGEO,SMD,,,,,,,,,
"R10, R11, R18, R19, R21, R26, R27, R29, R31",9,0R,R_0603_1608Metric,,RMCF0603ZT0R00,,smt,RES 0 OHM JUMPER 1/10W 0603,StackPole Electronics,SMD,,,,,,,,,
"R12, R13, R14, R32, R33, R7",6,10K 1%,R_0603_1608Metric,,CR0603-FX-1002ELF,,smt,RES SMD 10K OHM 1% 1/10W 0603,Bourns Inc.,SMD,,,,,,,,,
"R15, R23",2,22.1K 1%,R_0603_1608Metric,,RMCF0603FT22K1,,smt,RES 22.1K OHM 1% 1/10W 0603,StackPole Electronics,SMD,,,,,,,,,
"R16, R24",2,47.5K 1%,R_0603_1608Metric,,ERJ-3EKF4752V,,smt,RES SMD 47.5K OHM 1% 1/10W 0603,Panasonic Electronic Components,SMD,,,,,,,,,
"R17, R25",2,2K 1%,R_0603_1608Metric,,RMCF0603FT2K00,,smt,RES 2K OHM 1% 1/10W 0603,StackPole Electronics,SMD,,,,,,,,,
"R20, R22, R28, R30",4,5.1K 1%,R_0603_1608Metric,,RC0603FR-075K1L,,smt,RES 5.1K OHM 1% 1/10W 0603,YAGEO,SMD,,,,,,,,,
"R8, R9",2,22R 1%,R_0603_1608Metric,,RC0603FR-0722RL,,smt,RES 22 OHM 1% 1/10W 0603,YAGEO,SMD,,,,,,,,,
"S1, S2",2,TL3305BF260QG,TL3305BF260QG,,TL3305BF260QG,,smt,"TACT, 50mA, 12VDC SPST-NO, Off-(On) Surface Mount",E-Switch,SMD,5,612-TL3305BF260QG,https://www.mouser.co.uk/ProductDetail/E-Switch/TL3305BF260QG?qs=UrFqKgNWc7Tq35XCdypyiw%3D%3D,,,,,,
U2,1,AZ1117CH-3.3TRG1,SOT-223-3_TabPin2,,AZ1117CH-3.3TRG1,,smt,IC REG LINEAR 3.3V 1A SOT-223-3,Diodes Incorporated,SMD,,,,,,,,,
"U3, U4",2,CP2102N,QFN-28-1EP_5x5mm_P0.5mm_EP3.35x3.35mm,,CP2102N-A02-GQFN28R,,smt,IC USB TO UART BRIDGE QFN28,Silicon Labs,SMD,,,,,,,,,
