﻿Designator,Quantity,Value,Footprint,Package,MPN,Mount_Type
"C1, C11, C14, C3, C4, C5, C8, C9",8,0.1uF 50V,C_0603_1608Metric,,CL10B104KB8NNNC,smt
"C10, C12, C13, C15",4,10uF 10V,C_0603_1608Metric,,CL10A106KP8NNNC,smt
"C16, C2, C6, C7",4,22uF 10V,C_0805_2012Metric,,CC0805MKX5R6BB226,smt
"D1, D11, D2, D9",4,2.1V G 10mA,LED_0603_1608Metric,,LTST-C190GKT,smt
"D10, D14",2,1N5819HW-7-F,D_SOD-123,,1N5819HW-7-F,smt
D5,1,2.1V O 10mA,LED_0603_1608Metric,,LTST-C190AKT,smt
D6,1,2V R 10mA,LED_0603_1608Metric,,LTST-C190EKT,smt
"D7, D8",2,SP0503BAHTG,SOT-143,,SP0503BAHTG,smt
J2,1,SJ-3524-SMT-TR-PI,Jack_3.5mm_CUI_SJ-3524-SMT_Horizontal,,SJ-3524-SMT-TR-PI,smt
"J5, J6",2,USB4105-GF-A,GCT_USB4105-GF-A,,USB4105-GF-A,smt
Q3,1,BC818,SOT-23,,BC818-40LT1G,smt
"Q4, Q6",2,MBT3904DW1,SOT-363_SC-70-6,,MBT3904DW1T1G,smt
"R1, R2, R34, R35, R5, R6",6,1K 1%,R_0603_1608Metric,,RC0603FR-071KL,smt
"R10, R11, R18, R19, R21, R26, R27, R29, R31",9,0R,R_0603_1608Metric,,RMCF0603ZT0R00,smt
"R12, R13, R14, R32, R33, R7",6,10K 1%,R_0603_1608Metric,,CR0603-FX-1002ELF,smt
"R15, R23",2,22.1K 1%,R_0603_1608Metric,,RMCF0603FT22K1,smt
"R16, R24",2,47.5K 1%,R_0603_1608Metric,,ERJ-3EKF4752V,smt
"R17, R25",2,2K 1%,R_0603_1608Metric,,RMCF0603FT2K00,smt
"R20, R22, R28, R30",4,5.1K 1%,R_0603_1608Metric,,RC0603FR-075K1L,smt
"R8, R9",2,22R 1%,R_0603_1608Metric,,RC0603FR-0722RL,smt
"S1, S2",2,TL3305BF260QG,TL3305BF260QG,,TL3305BF260QG,smt
U2,1,AZ1117CH-3.3TRG1,SOT-223-3_TabPin2,,AZ1117CH-3.3TRG1,smt
"U3, U4",2,CP2102N,QFN-28-1EP_5x5mm_P0.5mm_EP3.35x3.35mm,,CP2102N-A02-GQFN28R,smt
