﻿Designator,Quantity,Value,Footprint,Package,MPN,DNP,Mount_Type,Description,Manufacturer_Name,Type,Height,Mouser Part Number,Mouser Price/Stock,Arrow Part Number,Arrow Price/Stock,MANUFACTURER,MAXIMUM_PACKAGE_HEIGHT,PARTREV,STANDARD
"C1, C11, C14, C18, C22, C23, C25, C3, C8, C9",10,0.1uF 50V,C_0603_1608Metric,,CL10B104KB8NNNC,,smt,CAP CER 0.1UF 50V X7R 0603,Samsung Electro-Mechanics,SMD,,,,,,,,,
"C10, C12, C13, C15",4,10uF 10V,C_0603_1608Metric,,CL10A106KP8NNNC,,smt,CAP CER 10UF 10V X5R 0603,Samsung Electro-Mechanics,SMD,,,,,,,,,
"C16, C2, C6, C7",4,22uF 10V,C_0805_2012Metric,,CC0805MKX5R6BB226,,smt,CAP CER 22UF 10V X5R 0805,YAGEO,SMD,,,,,,,,,
"C17, C20",2,2.2uF 16V,C_0603_1608Metric,,CL10A225KO8NNNC,,smt,CAP CER 2.2UF 16V X5R 0603,amsung Electro-Mechanics,,,,,,,,,,
"C21, C24, C26, C29",4,10uF 16V,C_0805_2012Metric,,CL21A106KOQNNNG,,smt,CAP CER 10UF 16V X5R 0805,Samsung Electro-Mechanics,SMD,,,,,,,,,
"C27, C28",2,2.2nF,C_0603_1608Metric,,CC0603KRX7R9BB222,,smt,CAP CER 2200PF 50V X7R 0603,YAGEO,,,,,,,,,,
"D1, D11, D2, D9",4,2.1V G 10mA,LED_0603_1608Metric,,LTST-C190GKT,,smt,LED GREEN CLEAR CHIP SMD,Lite-On Inc.,SMD,,,,,,,,,
"D10, D14",2,1N5819HW-7-F,SOD3716X145N,,1N5819HW-7-F,,smt,DIODE SCHOTTKY 40V 1A SOD123,Diodes Incorporated,SMD,1.45,621-1N5819HW-F,https://www.mouser.co.uk/ProductDetail/Diodes-Incorporated/1N5819HW-7-F?qs=NQ47qNm99eDyWTEd07miYA%3D%3D,1N5819HW-7-F,https://www.arrow.com/en/products/1n5819hw-7-f/diodes-incorporated?utm_currency=USD&region=nac,,,,
D5,1,2.1V O 10mA,LED_0603_1608Metric,,LTST-C190AKT,,smt,LED ORANGE CLEAR CHIP SMD,Lite-On Inc.,SMD,,,,,,,,,
D6,1,2V R 10mA,LED_0603_1608Metric,,LTST-C190EKT,,smt,LED RED CLEAR CHIP SMD,Lite-On Inc.,SMD,,,,,,,,,
"D7, D8",2,SP0503BAHTG,SOT-143,,SP0503BAHTG,,smt,TVS DIODE 5.5VWM 8.5VC SOT1434,Littelfuse Inc,SMD,,,,,,,,,
J1,1,UART1,PinHeader_1x05_P2.54mm_Vertical,,,Yes,tht,"Generic connector, single row, 01x05, script generated (kicad-library-utils/schlib/autogen/connector/)",,DNS,,,,,,,,,
J2,1,SJ-3524-SMT-TR,Jack_3.5mm_CUI_SJ-3524-SMT_Horizontal,,SJ-3524-SMT-TR,,smt,"3.5 mm, Stereo, Right Angle, Surface Mount (SMT), 3 Conductors, 1 Internal Switch, Audio Jack Connector",Same Sky,SMD,5.37,490-SJ-3524-SMT-TR,,SJ-3524-SMT-TR,,,,,
"J5, J6",2,USB4105-GF-A,GCT_USB4105-GF-A,,USB4105-GF-A,,smt,CONN RCP USB2.0 TYP C 24P SMD RA,GCT,SMD,,,,,,GCT,3.31 mm,B4,Manufacturer Recommendations
J7,1,Conn_01x02,PinHeader_1x02_P2.54mm_Vertical,,,,tht,"Generic connector, single row, 01x02, script generated (kicad-library-utils/schlib/autogen/connector/)",,,,,,,,,,,
Q3,1,BC818,SOT-23,,BC818-40LT1G,,smt,TRANS NPN 25V 0.5A SOT23-3,onsemi,SMD,,,,,,,,,
"Q4, Q6",2,MBT3904DW1,SOT-363_SC-70-6,,MBT3904DW1T1G,,smt,TRANS 2NPN 40V 200MA SC88/SC70,onsemi,SMD,,,,,,,,,
"R1, R2, R34, R35, R5, R6",6,1K 1%,R_0603_1608Metric,,RC0603FR-071KL,,smt,RES 1K OHM 1% 1/10W 0603,YAGEO,SMD,,,,,,,,,
"R12, R13, R14, R32, R33, R36, R37, R38, R39, R40, R7",11,10K 1%,R_0603_1608Metric,,CR0603-FX-1002ELF,,smt,RES SMD 10K OHM 1% 1/10W 0603,Bourns Inc.,SMD,,,,,,,,,
"R15, R23",2,22.1K 1%,R_0603_1608Metric,,RMCF0603FT22K1,,smt,RES 22.1K OHM 1% 1/10W 0603,StackPole Electronics,SMD,,,,,,,,,
"R16, R24",2,47.5K 1%,R_0603_1608Metric,,ERJ-3EKF4752V,,smt,RES SMD 47.5K OHM 1% 1/10W 0603,Panasonic Electronic Components,SMD,,,,,,,,,
"R17, R25",2,2K 1%,R_0603_1608Metric,,RMCF0603FT2K00,,smt,RES 2K OHM 1% 1/10W 0603,StackPole Electronics,SMD,,,,,,,,,
"R18, R19, R21, R26, R27, R29, R41",7,0R,R_0603_1608Metric,,RMCF0603ZT0R00,,smt,RES 0 OHM JUMPER 1/10W 0603,StackPole Electronics,SMD,,,,,,,,,
"R20, R22, R28, R30",4,5.1K 1%,R_0603_1608Metric,,RC0603FR-075K1L,,smt,RES 5.1K OHM 1% 1/10W 0603,YAGEO,SMD,,,,,,,,,
"R3, R4",2,470R 1%,R_0603_1608Metric,,RC0603FR-07470RL,,smt,RES 470 OHM 1% 1/10W 0603,YAGEO,,,,,,,,,,
"S1, S2",2,TL3305BF260QG,TL3305BF260QG,,TL3305BF260QG,,smt,"TACT, 50mA, 12VDC SPST-NO, Off-(On) Surface Mount",E-Switch,SMD,5,612-TL3305BF260QG,https://www.mouser.co.uk/ProductDetail/E-Switch/TL3305BF260QG?qs=UrFqKgNWc7Tq35XCdypyiw%3D%3D,,,,,,
U1,1,ESP32-WROVER-E,ESP32-WROVER-E_ThermalVias,,ESP32-WROVER-E-N4R8,,smt,"ESP32-WROVER-E and ESP32-WROVER-IE are two powerful, generic WiFi-BT-BLE MCU modules that target a wide variety of applications, ranging from low-power sensor networks to the most demanding tasks, such as voice encoding, music streaming and MP3 decoding. ESP32-WROVER-E comes with a PCB antenna, and ESP32-WROVER-IE with an IPEX antenna. They both featurea 4 MB external SPI flash and an additional 8 MB SPI Pseudo static RAM (PSRAM).",Espressif Systems,,,,,,,,,,
U2,1,AZ1117CH-3.3TRG1,SOT-223-3_TabPin2,,AZ1117CH-3.3TRG1,,smt,IC REG LINEAR 3.3V 1A SOT-223-3,Diodes Incorporated,SMD,,,,,,,,,
U3,1,CP2102N,QFN-28-1EP_5x5mm_P0.5mm_EP3.35x3.35mm,,CP2102N-A02-GQFN28R,,smt,IC USB TO UART BRIDGE QFN28,Silicon Labs,SMD,,,,,,,,,
U4,1,CP2102-GM,QFN-28-1EP_5x5mm_P0.5mm_EP3.35x3.35mm,,CP2102-GM,,smt,IC USB TO UART BRIDGE QFN28,Silicon Labs,SMD,,,,,,,,,
U5,1,PCM5102A,TSSOP-20_4.4x6.5mm_P0.65mm,,PCM5102APWR,,smt,"2.1 VRMS, 112dB Audio Stereo DAC with PLL and 32-bit, 384kHz PCM Interface, TSSOP-20",Texas Instruments,,,,,,,,,,
