﻿pos_x,pos_y,rotation,side,designator,mpn,pack,footprint,value,mount_type
-13.589,7.76,-90.0,top,C1,CL10B104KB8NNNC,,C_0603_1608Metric,0.1uF 50V,smt
23.495,6.096,180.0,top,C10,CL10A106KP8NNNC,,C_0603_1608Metric,10uF 10V,smt
23.495,4.318,180.0,top,C11,CL10B104KB8NNNC,,C_0603_1608Metric,0.1uF 50V,smt
24.384,8.636,90.0,top,C12,CL10A106KP8NNNC,,C_0603_1608Metric,10uF 10V,smt
23.495,-7.239,180.0,top,C13,CL10A106KP8NNNC,,C_0603_1608Metric,10uF 10V,smt
23.495,-9.017,180.0,top,C14,CL10B104KB8NNNC,,C_0603_1608Metric,0.1uF 50V,smt
24.384,-4.699,90.0,top,C15,CL10A106KP8NNNC,,C_0603_1608Metric,10uF 10V,smt
28.321,-2.794,0.0,top,C16,CC0805MKX5R6BB226,,C_0805_2012Metric,22uF 10V,smt
11.938,-33.782,90.0,top,C17,CL10A225KO8NNNC,,C_0603_1608Metric,2.2uF 16V,smt
10.541,-23.114,0.0,top,C18,CL10B104KB8NNNC,,C_0603_1608Metric,0.1uF 50V,smt
-11.557,7.94,-90.0,top,C2,CC0805MKX5R6BB226,,C_0805_2012Metric,22uF 10V,smt
7.62,-28.956,90.0,top,C20,CL10A225KO8NNNC,,C_0603_1608Metric,2.2uF 16V,smt
15.113,-35.052,0.0,top,C21,CL21A106KOQNNNG,,C_0805_2012Metric,10uF 16V,smt
14.859,-33.02,180.0,top,C22,CL10B104KB8NNNC,,C_0603_1608Metric,0.1uF 50V,smt
7.62,-23.876,-90.0,top,C23,CL10B104KB8NNNC,,C_0603_1608Metric,0.1uF 50V,smt
5.588,-23.749,90.0,top,C24,CL21A106KOQNNNG,,C_0805_2012Metric,10uF 16V,smt
8.89,-32.9535,0.0,top,C25,CL10B104KB8NNNC,,C_0603_1608Metric,0.1uF 50V,smt
8.636,-35.052,180.0,top,C26,CL21A106KOQNNNG,,C_0805_2012Metric,10uF 16V,smt
24.13,-33.274,-90.0,top,C27,CC0603KRX7R9BB222,,C_0603_1608Metric,2.2nF,smt
30.353,-33.274,-90.0,top,C28,CC0603KRX7R9BB222,,C_0603_1608Metric,2.2nF,smt
10.414,-21.1425,180.0,top,C29,CL21A106KOQNNNG,,C_0805_2012Metric,10uF 16V,smt
-17.145,7.112,90.0,top,C3,CL10B104KB8NNNC,,C_0603_1608Metric,0.1uF 50V,smt
-3.048,-28.702,180.0,top,C6,CC0805MKX5R6BB226,,C_0805_2012Metric,22uF 10V,smt
-7.239,-28.702,0.0,top,C7,CC0805MKX5R6BB226,,C_0805_2012Metric,22uF 10V,smt
-15.367,3.937,0.0,top,C8,CL10B104KB8NNNC,,C_0603_1608Metric,0.1uF 50V,smt
-16.37,-30.48,180.0,top,C9,CL10B104KB8NNNC,,C_0603_1608Metric,0.1uF 50V,smt
14.097,0.508,-90.0,top,D1,LTST-C190GKT,,LED_0603_1608Metric,2.1V G 10mA,smt
27.813,7.493,0.0,top,D10,1N5819HW-7-F,,SOD3716X145N,1N5819HW-7-F,smt
14.097,-12.827,90.0,top,D11,LTST-C190GKT,,LED_0603_1608Metric,2.1V G 10mA,smt
27.813,-5.842,0.0,top,D14,1N5819HW-7-F,,SOD3716X145N,1N5819HW-7-F,smt
14.097,3.81,90.0,top,D2,LTST-C190GKT,,LED_0603_1608Metric,2.1V G 10mA,smt
-1.524,-25.781,90.0,top,D5,LTST-C190AKT,,LED_0603_1608Metric,2.1V O 10mA,smt
2.286,-22.352,-90.0,top,D6,LTST-C190EKT,,LED_0603_1608Metric,2V R 10mA,smt
27.94,2.667,0.0,top,D7,SP0503BAHTG,,SOT-143,SP0503BAHTG,smt
27.94,-10.668,0.0,top,D8,SP0503BAHTG,,SOT-143,SP0503BAHTG,smt
14.097,-9.525,-90.0,top,D9,LTST-C190GKT,,LED_0603_1608Metric,2.1V G 10mA,smt
4.9275,-34.163,0.0,top,FB1,MAF1608GAD601CT000,,L_0603_1608Metric,120R@100MHz,smt
0.0,-34.3408,-90.0,top,J1,,,PinHeader_1x05_P2.54mm_Vertical,UART1,tht
32.679,-25.273,-90.0,top,J2,SJ-3524-SMT-TR,,Jack_3.5mm_CUI_SJ-3524-SMT_Horizontal,SJ-3524-SMT-TR,smt
35.926,-17.653,-90.0,top,J3,,,PinHeader_1x03_P2.54mm_Vertical,Audio Out,tht
27.305,14.859,-90.0,top,J4,,,PinHeader_1x04_P2.54mm_Vertical,UART0,tht
36.068,2.667,90.0,top,J5,USB4105-GF-A,,GCT_USB4105-GF-A,USB4105-GF-A,smt
36.068,-10.668,90.0,top,J6,USB4105-GF-A,,GCT_USB4105-GF-A,USB4105-GF-A,smt
24.384,-17.653,90.0,top,J7,,,PinHeader_1x02_P2.54mm_Vertical,Conn_01x02,tht
-13.462,-9.779,90.0,top,Q3,BC818-40LT1G,,SOT-23,BC818,smt
-16.764,-15.367,-90.0,top,Q4,MBT3904DW1T1G,,SOT-363_SC-70-6,MBT3904DW1,smt
-13.335,-15.367,90.0,top,Q6,MBT3904DW1T1G,,SOT-363_SC-70-6,MBT3904DW1,smt
12.319,0.508,-90.0,top,R1,RC0603FR-071KL,,R_0603_1608Metric,1K 1%,smt
-16.256,-9.779,-90.0,top,R12,CR0603-FX-1002ELF,,R_0603_1608Metric,10K 1%,smt
-13.335,-18.034,180.0,top,R13,CR0603-FX-1002ELF,,R_0603_1608Metric,10K 1%,smt
-13.335,-12.7,180.0,top,R14,CR0603-FX-1002ELF,,R_0603_1608Metric,10K 1%,smt
20.701,7.493,-90.0,top,R15,RMCF0603FT22K1,,R_0603_1608Metric,22.1K 1%,smt
18.923,7.493,90.0,top,R16,ERJ-3EKF4752V,,R_0603_1608Metric,47.5K 1%,smt
17.145,7.493,-90.0,top,R17,RMCF0603FT2K00,,R_0603_1608Metric,2K 1%,smt
20.32,-2.032,0.0,top,R18,RMCF0603ZT0R00,,R_0603_1608Metric,0R,smt
17.018,-2.032,180.0,top,R19,RMCF0603ZT0R00,,R_0603_1608Metric,0R,smt
12.319,3.81,90.0,top,R2,RC0603FR-071KL,,R_0603_1608Metric,1K 1%,smt
28.067,-0.0,0.0,top,R20,RC0603FR-075K1L,,R_0603_1608Metric,5.1K 1%,smt
34.163,8.763,180.0,top,R21,RMCF0603ZT0R00,,R_0603_1608Metric,0R,smt
28.067,5.333999,180.0,top,R22,RC0603FR-075K1L,,R_0603_1608Metric,5.1K 1%,smt
20.701,-5.842,-90.0,top,R23,RMCF0603FT22K1,,R_0603_1608Metric,22.1K 1%,smt
18.923,-5.842,90.0,top,R24,ERJ-3EKF4752V,,R_0603_1608Metric,47.5K 1%,smt
17.145,-5.842,-90.0,top,R25,RMCF0603FT2K00,,R_0603_1608Metric,2K 1%,smt
20.32,-15.367,0.0,top,R26,RMCF0603ZT0R00,,R_0603_1608Metric,0R,smt
17.018,-15.367,180.0,top,R27,RMCF0603ZT0R00,,R_0603_1608Metric,0R,smt
28.067,-13.335,0.0,top,R28,RC0603FR-075K1L,,R_0603_1608Metric,5.1K 1%,smt
34.163,-4.572,180.0,top,R29,RMCF0603ZT0R00,,R_0603_1608Metric,0R,smt
22.352,-33.274,90.0,top,R3,RC0603FR-07470RL,,R_0603_1608Metric,470R 1%,smt
28.067,-8.001001,180.0,top,R30,RC0603FR-075K1L,,R_0603_1608Metric,5.1K 1%,smt
-16.764,-18.034,180.0,top,R32,CR0603-FX-1002ELF,,R_0603_1608Metric,10K 1%,smt
-16.764,-12.7,180.0,top,R33,CR0603-FX-1002ELF,,R_0603_1608Metric,10K 1%,smt
12.319,-9.525,90.0,top,R34,RC0603FR-071KL,,R_0603_1608Metric,1K 1%,smt
12.319,-12.827,-90.0,top,R35,RC0603FR-071KL,,R_0603_1608Metric,1K 1%,smt
17.526,-21.844,0.0,top,R36,CR0603-FX-1002ELF,,R_0603_1608Metric,10K 1%,smt
17.526,-23.495,0.0,top,R37,CR0603-FX-1002ELF,,R_0603_1608Metric,10K 1%,smt
17.399,-32.1915,-90.0,top,R38,CR0603-FX-1002ELF,,R_0603_1608Metric,10K 1%,smt
5.842,-27.813,90.0,top,R39,CR0603-FX-1002ELF,,R_0603_1608Metric,10K 1%,smt
28.575,-33.274,-90.0,top,R4,RC0603FR-07470RL,,R_0603_1608Metric,470R 1%,smt
17.526,-26.4765,0.0,top,R40,CR0603-FX-1002ELF,,R_0603_1608Metric,10K 1%,smt
4.064,-27.305,-90.0,top,R41,RMCF0603ZT0R00,,R_0603_1608Metric,0R,smt
-1.524,-22.352,-90.0,top,R5,RC0603FR-071KL,,R_0603_1608Metric,1K 1%,smt
0.381,-22.352,-90.0,top,R6,RC0603FR-071KL,,R_0603_1608Metric,1K 1%,smt
-15.367,7.112,-90.0,top,R7,CR0603-FX-1002ELF,,R_0603_1608Metric,10K 1%,smt
-15.645,-23.92,-90.0,top,S1,TL3305BF260QG,,TL3305BF260QG,TL3305BF260QG,smt
-15.621,-1.905,-90.0,top,S2,TL3305BF260QG,,TL3305BF260QG,TL3305BF260QG,smt
-0.0524,0.6292,0.0,top,U1,ESP32-WROVER-E-N4R8,,ESP32-WROVER-E_ThermalVias,ESP32-WROVER-E,smt
-6.35,-22.86,90.0,top,U2,AZ1117CH-3.3TRG1,,SOT-223-3_TabPin2,AZ1117CH-3.3TRG1,smt
18.415,2.413,180.0,top,U3,CP2102N-A02-GQFN28R,,QFN-28-1EP_5x5mm_P0.5mm_EP3.35x3.35mm,CP2102N,smt
18.415,-10.922,180.0,top,U4,CP2102-GM,,QFN-28-1EP_5x5mm_P0.5mm_EP3.35x3.35mm,CP2102-GM,smt
12.192,-28.067,90.0,top,U5,PCM5102APWR,,TSSOP-20_4.4x6.5mm_P0.65mm,PCM5102A,smt
